id;intitule;image;date_creation;last_update
1;a;Kowe√Øt Cambridgeshire incremental;2023-01-03;2023-01-03
2;violet;Plastic Savings Nepalese;2023-01-04;2023-01-03
3;Profit-focused;Dollar monetize a;2023-01-04;2023-01-03
4;Fish;Gorgeous;2023-01-04;2023-01-04
5;Borders cohesive withdrawal;Industrial withdrawal;2023-01-03;2023-01-03
6;Buckinghamshire;utilisation;2023-01-03;2023-01-04
7;CSS generate;best-of-breed;2023-01-03;2023-01-04
8;Franc Computers;Toys;2023-01-03;2023-01-03
9;Executif payment;payment metrics Electronics;2023-01-03;2023-01-04
10;withdrawal connect;Serbian;2023-01-04;2023-01-04
